refArea,structure,Value,Observation URI,references,Data Domain,publisher,Year,Element,Unit,dataset,Item
http://dbpedia.org/resource/Lebanon,,6.45e+00,http://linked.aub.edu.lb/CODEC/Lebanon/observation/Foreign_Direct_Investment-Lebanon-Total+FDI+inflows-Value+US%24-1990,https://www.fao.org/faostat/en/#data/FDI,,Food and Agriculture Organization,1990,Value US$,million USD,http://linked.aub.edu.lb/CODEC/Lebanon/Dataset/Foreign_Direct_Investment-Lebanon,Total FDI inflows
http://dbpedia.org/resource/Lebanon,,1.63e+00,http://linked.aub.edu.lb/CODEC/Lebanon/observation/Foreign_Direct_Investment-Lebanon-Total+FDI+inflows-Value+US%24-1991,https://www.fao.org/faostat/en/#data/FDI,,Food and Agriculture Organization,1991,Value US$,million USD,http://linked.aub.edu.lb/CODEC/Lebanon/Dataset/Foreign_Direct_Investment-Lebanon,Total FDI inflows
http://dbpedia.org/resource/Lebanon,,1.846e+01,http://linked.aub.edu.lb/CODEC/Lebanon/observation/Foreign_Direct_Investment-Lebanon-Total+FDI+inflows-Value+US%24-1992,https://www.fao.org/faostat/en/#data/FDI,,Food and Agriculture Organization,1992,Value US$,million USD,http://linked.aub.edu.lb/CODEC/Lebanon/Dataset/Foreign_Direct_Investment-Lebanon,Total FDI inflows
http://dbpedia.org/resource/Lebanon,,7.4e+00,http://linked.aub.edu.lb/CODEC/Lebanon/observation/Foreign_Direct_Investment-Lebanon-Total+FDI+inflows-Value+US%24-1993,https://www.fao.org/faostat/en/#data/FDI,,Food and Agriculture Organization,1993,Value US$,million USD,http://linked.aub.edu.lb/CODEC/Lebanon/Dataset/Foreign_Direct_Investment-Lebanon,Total FDI inflows
http://dbpedia.org/resource/Lebanon,,2.256e+01,http://linked.aub.edu.lb/CODEC/Lebanon/observation/Foreign_Direct_Investment-Lebanon-Total+FDI+inflows-Value+US%24-1994,https://www.fao.org/faostat/en/#data/FDI,,Food and Agriculture Organization,1994,Value US$,million USD,http://linked.aub.edu.lb/CODEC/Lebanon/Dataset/Foreign_Direct_Investment-Lebanon,Total FDI inflows
http://dbpedia.org/resource/Lebanon,,3.5e+01,http://linked.aub.edu.lb/CODEC/Lebanon/observation/Foreign_Direct_Investment-Lebanon-Total+FDI+inflows-Value+US%24-1995,https://www.fao.org/faostat/en/#data/FDI,,Food and Agriculture Organization,1995,Value US$,million USD,http://linked.aub.edu.lb/CODEC/Lebanon/Dataset/Foreign_Direct_Investment-Lebanon,Total FDI inflows
http://dbpedia.org/resource/Lebanon,,8e+01,http://linked.aub.edu.lb/CODEC/Lebanon/observation/Foreign_Direct_Investment-Lebanon-Total+FDI+inflows-Value+US%24-1996,https://www.fao.org/faostat/en/#data/FDI,,Food and Agriculture Organization,1996,Value US$,million USD,http://linked.aub.edu.lb/CODEC/Lebanon/Dataset/Foreign_Direct_Investment-Lebanon,Total FDI inflows
http://dbpedia.org/resource/Lebanon,,1.7996e+03,http://linked.aub.edu.lb/CODEC/Lebanon/observation/Foreign_Direct_Investment-Lebanon-Total+FDI+inflows-Value+US%24-1997,https://www.fao.org/faostat/en/#data/FDI,,Food and Agriculture Organization,1997,Value US$,million USD,http://linked.aub.edu.lb/CODEC/Lebanon/Dataset/Foreign_Direct_Investment-Lebanon,Total FDI inflows
http://dbpedia.org/resource/Lebanon,,1.134903e+03,http://linked.aub.edu.lb/CODEC/Lebanon/observation/Foreign_Direct_Investment-Lebanon-Total+FDI+inflows-Value+US%24-1998,https://www.fao.org/faostat/en/#data/FDI,,Food and Agriculture Organization,1998,Value US$,million USD,http://linked.aub.edu.lb/CODEC/Lebanon/Dataset/Foreign_Direct_Investment-Lebanon,Total FDI inflows
http://dbpedia.org/resource/Lebanon,,8.716765e+02,http://linked.aub.edu.lb/CODEC/Lebanon/observation/Foreign_Direct_Investment-Lebanon-Total+FDI+inflows-Value+US%24-1999,https://www.fao.org/faostat/en/#data/FDI,,Food and Agriculture Organization,1999,Value US$,million USD,http://linked.aub.edu.lb/CODEC/Lebanon/Dataset/Foreign_Direct_Investment-Lebanon,Total FDI inflows
http://dbpedia.org/resource/Lebanon,,9.93475e+02,http://linked.aub.edu.lb/CODEC/Lebanon/observation/Foreign_Direct_Investment-Lebanon-Total+FDI+inflows-Value+US%24-2000,https://www.fao.org/faostat/en/#data/FDI,,Food and Agriculture Organization,2000,Value US$,million USD,http://linked.aub.edu.lb/CODEC/Lebanon/Dataset/Foreign_Direct_Investment-Lebanon,Total FDI inflows
http://dbpedia.org/resource/Lebanon,,1.453907e+03,http://linked.aub.edu.lb/CODEC/Lebanon/observation/Foreign_Direct_Investment-Lebanon-Total+FDI+inflows-Value+US%24-2001,https://www.fao.org/faostat/en/#data/FDI,,Food and Agriculture Organization,2001,Value US$,million USD,http://linked.aub.edu.lb/CODEC/Lebanon/Dataset/Foreign_Direct_Investment-Lebanon,Total FDI inflows
http://dbpedia.org/resource/Lebanon,,1.335964e+03,http://linked.aub.edu.lb/CODEC/Lebanon/observation/Foreign_Direct_Investment-Lebanon-Total+FDI+inflows-Value+US%24-2002,https://www.fao.org/faostat/en/#data/FDI,,Food and Agriculture Organization,2002,Value US$,million USD,http://linked.aub.edu.lb/CODEC/Lebanon/Dataset/Foreign_Direct_Investment-Lebanon,Total FDI inflows
http://dbpedia.org/resource/Lebanon,,2.86002e+03,http://linked.aub.edu.lb/CODEC/Lebanon/observation/Foreign_Direct_Investment-Lebanon-Total+FDI+inflows-Value+US%24-2003,https://www.fao.org/faostat/en/#data/FDI,,Food and Agriculture Organization,2003,Value US$,million USD,http://linked.aub.edu.lb/CODEC/Lebanon/Dataset/Foreign_Direct_Investment-Lebanon,Total FDI inflows
http://dbpedia.org/resource/Lebanon,,2.483693e+03,http://linked.aub.edu.lb/CODEC/Lebanon/observation/Foreign_Direct_Investment-Lebanon-Total+FDI+inflows-Value+US%24-2004,https://www.fao.org/faostat/en/#data/FDI,,Food and Agriculture Organization,2004,Value US$,million USD,http://linked.aub.edu.lb/CODEC/Lebanon/Dataset/Foreign_Direct_Investment-Lebanon,Total FDI inflows
http://dbpedia.org/resource/Lebanon,,3.321491e+03,http://linked.aub.edu.lb/CODEC/Lebanon/observation/Foreign_Direct_Investment-Lebanon-Total+FDI+inflows-Value+US%24-2005,https://www.fao.org/faostat/en/#data/FDI,,Food and Agriculture Organization,2005,Value US$,million USD,http://linked.aub.edu.lb/CODEC/Lebanon/Dataset/Foreign_Direct_Investment-Lebanon,Total FDI inflows
http://dbpedia.org/resource/Lebanon,,3.131674e+03,http://linked.aub.edu.lb/CODEC/Lebanon/observation/Foreign_Direct_Investment-Lebanon-Total+FDI+inflows-Value+US%24-2006,https://www.fao.org/faostat/en/#data/FDI,,Food and Agriculture Organization,2006,Value US$,million USD,http://linked.aub.edu.lb/CODEC/Lebanon/Dataset/Foreign_Direct_Investment-Lebanon,Total FDI inflows
http://dbpedia.org/resource/Lebanon,,3.375981e+03,http://linked.aub.edu.lb/CODEC/Lebanon/observation/Foreign_Direct_Investment-Lebanon-Total+FDI+inflows-Value+US%24-2007,https://www.fao.org/faostat/en/#data/FDI,,Food and Agriculture Organization,2007,Value US$,million USD,http://linked.aub.edu.lb/CODEC/Lebanon/Dataset/Foreign_Direct_Investment-Lebanon,Total FDI inflows
http://dbpedia.org/resource/Lebanon,,4.002062e+03,http://linked.aub.edu.lb/CODEC/Lebanon/observation/Foreign_Direct_Investment-Lebanon-Total+FDI+inflows-Value+US%24-2008,https://www.fao.org/faostat/en/#data/FDI,,Food and Agriculture Organization,2008,Value US$,million USD,http://linked.aub.edu.lb/CODEC/Lebanon/Dataset/Foreign_Direct_Investment-Lebanon,Total FDI inflows
http://dbpedia.org/resource/Lebanon,,4.378908e+03,http://linked.aub.edu.lb/CODEC/Lebanon/observation/Foreign_Direct_Investment-Lebanon-Total+FDI+inflows-Value+US%24-2009,https://www.fao.org/faostat/en/#data/FDI,,Food and Agriculture Organization,2009,Value US$,million USD,http://linked.aub.edu.lb/CODEC/Lebanon/Dataset/Foreign_Direct_Investment-Lebanon,Total FDI inflows
http://dbpedia.org/resource/Lebanon,,3.70838e+03,http://linked.aub.edu.lb/CODEC/Lebanon/observation/Foreign_Direct_Investment-Lebanon-Total+FDI+inflows-Value+US%24-2010,https://www.fao.org/faostat/en/#data/FDI,,Food and Agriculture Organization,2010,Value US$,million USD,http://linked.aub.edu.lb/CODEC/Lebanon/Dataset/Foreign_Direct_Investment-Lebanon,Total FDI inflows
http://dbpedia.org/resource/Lebanon,,3.13705e+03,http://linked.aub.edu.lb/CODEC/Lebanon/observation/Foreign_Direct_Investment-Lebanon-Total+FDI+inflows-Value+US%24-2011,https://www.fao.org/faostat/en/#data/FDI,,Food and Agriculture Organization,2011,Value US$,million USD,http://linked.aub.edu.lb/CODEC/Lebanon/Dataset/Foreign_Direct_Investment-Lebanon,Total FDI inflows
http://dbpedia.org/resource/Lebanon,,3.111315e+03,http://linked.aub.edu.lb/CODEC/Lebanon/observation/Foreign_Direct_Investment-Lebanon-Total+FDI+inflows-Value+US%24-2012,https://www.fao.org/faostat/en/#data/FDI,,Food and Agriculture Organization,2012,Value US$,million USD,http://linked.aub.edu.lb/CODEC/Lebanon/Dataset/Foreign_Direct_Investment-Lebanon,Total FDI inflows
http://dbpedia.org/resource/Lebanon,,2.661087e+03,http://linked.aub.edu.lb/CODEC/Lebanon/observation/Foreign_Direct_Investment-Lebanon-Total+FDI+inflows-Value+US%24-2013,https://www.fao.org/faostat/en/#data/FDI,,Food and Agriculture Organization,2013,Value US$,million USD,http://linked.aub.edu.lb/CODEC/Lebanon/Dataset/Foreign_Direct_Investment-Lebanon,Total FDI inflows
http://dbpedia.org/resource/Lebanon,,2.862509e+03,http://linked.aub.edu.lb/CODEC/Lebanon/observation/Foreign_Direct_Investment-Lebanon-Total+FDI+inflows-Value+US%24-2014,https://www.fao.org/faostat/en/#data/FDI,,Food and Agriculture Organization,2014,Value US$,million USD,http://linked.aub.edu.lb/CODEC/Lebanon/Dataset/Foreign_Direct_Investment-Lebanon,Total FDI inflows
http://dbpedia.org/resource/Lebanon,,2.15929e+03,http://linked.aub.edu.lb/CODEC/Lebanon/observation/Foreign_Direct_Investment-Lebanon-Total+FDI+inflows-Value+US%24-2015,https://www.fao.org/faostat/en/#data/FDI,,Food and Agriculture Organization,2015,Value US$,million USD,http://linked.aub.edu.lb/CODEC/Lebanon/Dataset/Foreign_Direct_Investment-Lebanon,Total FDI inflows
http://dbpedia.org/resource/Lebanon,,2.568485e+03,http://linked.aub.edu.lb/CODEC/Lebanon/observation/Foreign_Direct_Investment-Lebanon-Total+FDI+inflows-Value+US%24-2016,https://www.fao.org/faostat/en/#data/FDI,,Food and Agriculture Organization,2016,Value US$,million USD,http://linked.aub.edu.lb/CODEC/Lebanon/Dataset/Foreign_Direct_Investment-Lebanon,Total FDI inflows
http://dbpedia.org/resource/Lebanon,,2.52241e+03,http://linked.aub.edu.lb/CODEC/Lebanon/observation/Foreign_Direct_Investment-Lebanon-Total+FDI+inflows-Value+US%24-2017,https://www.fao.org/faostat/en/#data/FDI,,Food and Agriculture Organization,2017,Value US$,million USD,http://linked.aub.edu.lb/CODEC/Lebanon/Dataset/Foreign_Direct_Investment-Lebanon,Total FDI inflows
http://dbpedia.org/resource/Lebanon,,2.658004e+03,http://linked.aub.edu.lb/CODEC/Lebanon/observation/Foreign_Direct_Investment-Lebanon-Total+FDI+inflows-Value+US%24-2018,https://www.fao.org/faostat/en/#data/FDI,,Food and Agriculture Organization,2018,Value US$,million USD,http://linked.aub.edu.lb/CODEC/Lebanon/Dataset/Foreign_Direct_Investment-Lebanon,Total FDI inflows
http://dbpedia.org/resource/Lebanon,,1.905363e+03,http://linked.aub.edu.lb/CODEC/Lebanon/observation/Foreign_Direct_Investment-Lebanon-Total+FDI+inflows-Value+US%24-2019,https://www.fao.org/faostat/en/#data/FDI,,Food and Agriculture Organization,2019,Value US$,million USD,http://linked.aub.edu.lb/CODEC/Lebanon/Dataset/Foreign_Direct_Investment-Lebanon,Total FDI inflows
http://dbpedia.org/resource/Lebanon,,1.606895e+03,http://linked.aub.edu.lb/CODEC/Lebanon/observation/Foreign_Direct_Investment-Lebanon-Total+FDI+inflows-Value+US%24-2020,https://www.fao.org/faostat/en/#data/FDI,,Food and Agriculture Organization,2020,Value US$,million USD,http://linked.aub.edu.lb/CODEC/Lebanon/Dataset/Foreign_Direct_Investment-Lebanon,Total FDI inflows
http://dbpedia.org/resource/Lebanon,,6.051433e+02,http://linked.aub.edu.lb/CODEC/Lebanon/observation/Foreign_Direct_Investment-Lebanon-Total+FDI+inflows-Value+US%24-2021,https://www.fao.org/faostat/en/#data/FDI,,Food and Agriculture Organization,2021,Value US$,million USD,http://linked.aub.edu.lb/CODEC/Lebanon/Dataset/Foreign_Direct_Investment-Lebanon,Total FDI inflows
http://dbpedia.org/resource/Lebanon,,4.578784e+02,http://linked.aub.edu.lb/CODEC/Lebanon/observation/Foreign_Direct_Investment-Lebanon-Total+FDI+inflows-Value+US%24-2022,https://www.fao.org/faostat/en/#data/FDI,,Food and Agriculture Organization,2022,Value US$,million USD,http://linked.aub.edu.lb/CODEC/Lebanon/Dataset/Foreign_Direct_Investment-Lebanon,Total FDI inflows
http://dbpedia.org/resource/Lebanon,,-1.59743e+01,http://linked.aub.edu.lb/CODEC/Lebanon/observation/Foreign_Direct_Investment-Lebanon-Total+FDI+outflows-Value+US%24-1990,https://www.fao.org/faostat/en/#data/FDI,,Food and Agriculture Organization,1990,Value US$,million USD,http://linked.aub.edu.lb/CODEC/Lebanon/Dataset/Foreign_Direct_Investment-Lebanon,Total FDI outflows
http://dbpedia.org/resource/Lebanon,,3.962446e+00,http://linked.aub.edu.lb/CODEC/Lebanon/observation/Foreign_Direct_Investment-Lebanon-Total+FDI+outflows-Value+US%24-1991,https://www.fao.org/faostat/en/#data/FDI,,Food and Agriculture Organization,1991,Value US$,million USD,http://linked.aub.edu.lb/CODEC/Lebanon/Dataset/Foreign_Direct_Investment-Lebanon,Total FDI outflows
http://dbpedia.org/resource/Lebanon,,1.720226e+01,http://linked.aub.edu.lb/CODEC/Lebanon/observation/Foreign_Direct_Investment-Lebanon-Total+FDI+outflows-Value+US%24-1992,https://www.fao.org/faostat/en/#data/FDI,,Food and Agriculture Organization,1992,Value US$,million USD,http://linked.aub.edu.lb/CODEC/Lebanon/Dataset/Foreign_Direct_Investment-Lebanon,Total FDI outflows
http://dbpedia.org/resource/Lebanon,,4.840892e+01,http://linked.aub.edu.lb/CODEC/Lebanon/observation/Foreign_Direct_Investment-Lebanon-Total+FDI+outflows-Value+US%24-1993,https://www.fao.org/faostat/en/#data/FDI,,Food and Agriculture Organization,1993,Value US$,million USD,http://linked.aub.edu.lb/CODEC/Lebanon/Dataset/Foreign_Direct_Investment-Lebanon,Total FDI outflows
http://dbpedia.org/resource/Lebanon,,1.577487e+02,http://linked.aub.edu.lb/CODEC/Lebanon/observation/Foreign_Direct_Investment-Lebanon-Total+FDI+outflows-Value+US%24-1994,https://www.fao.org/faostat/en/#data/FDI,,Food and Agriculture Organization,1994,Value US$,million USD,http://linked.aub.edu.lb/CODEC/Lebanon/Dataset/Foreign_Direct_Investment-Lebanon,Total FDI outflows
http://dbpedia.org/resource/Lebanon,,1.080383e+01,http://linked.aub.edu.lb/CODEC/Lebanon/observation/Foreign_Direct_Investment-Lebanon-Total+FDI+outflows-Value+US%24-1995,https://www.fao.org/faostat/en/#data/FDI,,Food and Agriculture Organization,1995,Value US$,million USD,http://linked.aub.edu.lb/CODEC/Lebanon/Dataset/Foreign_Direct_Investment-Lebanon,Total FDI outflows
http://dbpedia.org/resource/Lebanon,,2.0746e+01,http://linked.aub.edu.lb/CODEC/Lebanon/observation/Foreign_Direct_Investment-Lebanon-Total+FDI+outflows-Value+US%24-1996,https://www.fao.org/faostat/en/#data/FDI,,Food and Agriculture Organization,1996,Value US$,million USD,http://linked.aub.edu.lb/CODEC/Lebanon/Dataset/Foreign_Direct_Investment-Lebanon,Total FDI outflows
http://dbpedia.org/resource/Lebanon,,6.252221e+00,http://linked.aub.edu.lb/CODEC/Lebanon/observation/Foreign_Direct_Investment-Lebanon-Total+FDI+outflows-Value+US%24-1997,https://www.fao.org/faostat/en/#data/FDI,,Food and Agriculture Organization,1997,Value US$,million USD,http://linked.aub.edu.lb/CODEC/Lebanon/Dataset/Foreign_Direct_Investment-Lebanon,Total FDI outflows
http://dbpedia.org/resource/Lebanon,,3.783853e+01,http://linked.aub.edu.lb/CODEC/Lebanon/observation/Foreign_Direct_Investment-Lebanon-Total+FDI+outflows-Value+US%24-1998,https://www.fao.org/faostat/en/#data/FDI,,Food and Agriculture Organization,1998,Value US$,million USD,http://linked.aub.edu.lb/CODEC/Lebanon/Dataset/Foreign_Direct_Investment-Lebanon,Total FDI outflows
http://dbpedia.org/resource/Lebanon,,1.317342e+02,http://linked.aub.edu.lb/CODEC/Lebanon/observation/Foreign_Direct_Investment-Lebanon-Total+FDI+outflows-Value+US%24-1999,https://www.fao.org/faostat/en/#data/FDI,,Food and Agriculture Organization,1999,Value US$,million USD,http://linked.aub.edu.lb/CODEC/Lebanon/Dataset/Foreign_Direct_Investment-Lebanon,Total FDI outflows
http://dbpedia.org/resource/Lebanon,,1.37924e+02,http://linked.aub.edu.lb/CODEC/Lebanon/observation/Foreign_Direct_Investment-Lebanon-Total+FDI+outflows-Value+US%24-2000,https://www.fao.org/faostat/en/#data/FDI,,Food and Agriculture Organization,2000,Value US$,million USD,http://linked.aub.edu.lb/CODEC/Lebanon/Dataset/Foreign_Direct_Investment-Lebanon,Total FDI outflows
http://dbpedia.org/resource/Lebanon,,3.879e+00,http://linked.aub.edu.lb/CODEC/Lebanon/observation/Foreign_Direct_Investment-Lebanon-Total+FDI+outflows-Value+US%24-2001,https://www.fao.org/faostat/en/#data/FDI,,Food and Agriculture Organization,2001,Value US$,million USD,http://linked.aub.edu.lb/CODEC/Lebanon/Dataset/Foreign_Direct_Investment-Lebanon,Total FDI outflows
http://dbpedia.org/resource/Lebanon,,2.06e-01,http://linked.aub.edu.lb/CODEC/Lebanon/observation/Foreign_Direct_Investment-Lebanon-Total+FDI+outflows-Value+US%24-2002,https://www.fao.org/faostat/en/#data/FDI,,Food and Agriculture Organization,2002,Value US$,million USD,http://linked.aub.edu.lb/CODEC/Lebanon/Dataset/Foreign_Direct_Investment-Lebanon,Total FDI outflows
http://dbpedia.org/resource/Lebanon,,6.10951e+02,http://linked.aub.edu.lb/CODEC/Lebanon/observation/Foreign_Direct_Investment-Lebanon-Total+FDI+outflows-Value+US%24-2003,https://www.fao.org/faostat/en/#data/FDI,,Food and Agriculture Organization,2003,Value US$,million USD,http://linked.aub.edu.lb/CODEC/Lebanon/Dataset/Foreign_Direct_Investment-Lebanon,Total FDI outflows
http://dbpedia.org/resource/Lebanon,,8.270525e+02,http://linked.aub.edu.lb/CODEC/Lebanon/observation/Foreign_Direct_Investment-Lebanon-Total+FDI+outflows-Value+US%24-2004,https://www.fao.org/faostat/en/#data/FDI,,Food and Agriculture Organization,2004,Value US$,million USD,http://linked.aub.edu.lb/CODEC/Lebanon/Dataset/Foreign_Direct_Investment-Lebanon,Total FDI outflows
http://dbpedia.org/resource/Lebanon,,7.15499e+02,http://linked.aub.edu.lb/CODEC/Lebanon/observation/Foreign_Direct_Investment-Lebanon-Total+FDI+outflows-Value+US%24-2005,https://www.fao.org/faostat/en/#data/FDI,,Food and Agriculture Organization,2005,Value US$,million USD,http://linked.aub.edu.lb/CODEC/Lebanon/Dataset/Foreign_Direct_Investment-Lebanon,Total FDI outflows
http://dbpedia.org/resource/Lebanon,,8.74652e+02,http://linked.aub.edu.lb/CODEC/Lebanon/observation/Foreign_Direct_Investment-Lebanon-Total+FDI+outflows-Value+US%24-2006,https://www.fao.org/faostat/en/#data/FDI,,Food and Agriculture Organization,2006,Value US$,million USD,http://linked.aub.edu.lb/CODEC/Lebanon/Dataset/Foreign_Direct_Investment-Lebanon,Total FDI outflows
http://dbpedia.org/resource/Lebanon,,8.4809e+02,http://linked.aub.edu.lb/CODEC/Lebanon/observation/Foreign_Direct_Investment-Lebanon-Total+FDI+outflows-Value+US%24-2007,https://www.fao.org/faostat/en/#data/FDI,,Food and Agriculture Organization,2007,Value US$,million USD,http://linked.aub.edu.lb/CODEC/Lebanon/Dataset/Foreign_Direct_Investment-Lebanon,Total FDI outflows
http://dbpedia.org/resource/Lebanon,,9.865785e+02,http://linked.aub.edu.lb/CODEC/Lebanon/observation/Foreign_Direct_Investment-Lebanon-Total+FDI+outflows-Value+US%24-2008,https://www.fao.org/faostat/en/#data/FDI,,Food and Agriculture Organization,2008,Value US$,million USD,http://linked.aub.edu.lb/CODEC/Lebanon/Dataset/Foreign_Direct_Investment-Lebanon,Total FDI outflows
http://dbpedia.org/resource/Lebanon,,1.125772e+03,http://linked.aub.edu.lb/CODEC/Lebanon/observation/Foreign_Direct_Investment-Lebanon-Total+FDI+outflows-Value+US%24-2009,https://www.fao.org/faostat/en/#data/FDI,,Food and Agriculture Organization,2009,Value US$,million USD,http://linked.aub.edu.lb/CODEC/Lebanon/Dataset/Foreign_Direct_Investment-Lebanon,Total FDI outflows
http://dbpedia.org/resource/Lebanon,,4.868263e+02,http://linked.aub.edu.lb/CODEC/Lebanon/observation/Foreign_Direct_Investment-Lebanon-Total+FDI+outflows-Value+US%24-2010,https://www.fao.org/faostat/en/#data/FDI,,Food and Agriculture Organization,2010,Value US$,million USD,http://linked.aub.edu.lb/CODEC/Lebanon/Dataset/Foreign_Direct_Investment-Lebanon,Total FDI outflows
http://dbpedia.org/resource/Lebanon,,9.366451e+02,http://linked.aub.edu.lb/CODEC/Lebanon/observation/Foreign_Direct_Investment-Lebanon-Total+FDI+outflows-Value+US%24-2011,https://www.fao.org/faostat/en/#data/FDI,,Food and Agriculture Organization,2011,Value US$,million USD,http://linked.aub.edu.lb/CODEC/Lebanon/Dataset/Foreign_Direct_Investment-Lebanon,Total FDI outflows
http://dbpedia.org/resource/Lebanon,,1.030192e+03,http://linked.aub.edu.lb/CODEC/Lebanon/observation/Foreign_Direct_Investment-Lebanon-Total+FDI+outflows-Value+US%24-2012,https://www.fao.org/faostat/en/#data/FDI,,Food and Agriculture Organization,2012,Value US$,million USD,http://linked.aub.edu.lb/CODEC/Lebanon/Dataset/Foreign_Direct_Investment-Lebanon,Total FDI outflows
http://dbpedia.org/resource/Lebanon,,1.975697e+03,http://linked.aub.edu.lb/CODEC/Lebanon/observation/Foreign_Direct_Investment-Lebanon-Total+FDI+outflows-Value+US%24-2013,https://www.fao.org/faostat/en/#data/FDI,,Food and Agriculture Organization,2013,Value US$,million USD,http://linked.aub.edu.lb/CODEC/Lebanon/Dataset/Foreign_Direct_Investment-Lebanon,Total FDI outflows
http://dbpedia.org/resource/Lebanon,,1.240707e+03,http://linked.aub.edu.lb/CODEC/Lebanon/observation/Foreign_Direct_Investment-Lebanon-Total+FDI+outflows-Value+US%24-2014,https://www.fao.org/faostat/en/#data/FDI,,Food and Agriculture Organization,2014,Value US$,million USD,http://linked.aub.edu.lb/CODEC/Lebanon/Dataset/Foreign_Direct_Investment-Lebanon,Total FDI outflows
http://dbpedia.org/resource/Lebanon,,6.602123e+02,http://linked.aub.edu.lb/CODEC/Lebanon/observation/Foreign_Direct_Investment-Lebanon-Total+FDI+outflows-Value+US%24-2015,https://www.fao.org/faostat/en/#data/FDI,,Food and Agriculture Organization,2015,Value US$,million USD,http://linked.aub.edu.lb/CODEC/Lebanon/Dataset/Foreign_Direct_Investment-Lebanon,Total FDI outflows
http://dbpedia.org/resource/Lebanon,,1.004743e+03,http://linked.aub.edu.lb/CODEC/Lebanon/observation/Foreign_Direct_Investment-Lebanon-Total+FDI+outflows-Value+US%24-2016,https://www.fao.org/faostat/en/#data/FDI,,Food and Agriculture Organization,2016,Value US$,million USD,http://linked.aub.edu.lb/CODEC/Lebanon/Dataset/Foreign_Direct_Investment-Lebanon,Total FDI outflows
http://dbpedia.org/resource/Lebanon,,1.317434e+03,http://linked.aub.edu.lb/CODEC/Lebanon/observation/Foreign_Direct_Investment-Lebanon-Total+FDI+outflows-Value+US%24-2017,https://www.fao.org/faostat/en/#data/FDI,,Food and Agriculture Organization,2017,Value US$,million USD,http://linked.aub.edu.lb/CODEC/Lebanon/Dataset/Foreign_Direct_Investment-Lebanon,Total FDI outflows
http://dbpedia.org/resource/Lebanon,,6.312151e+02,http://linked.aub.edu.lb/CODEC/Lebanon/observation/Foreign_Direct_Investment-Lebanon-Total+FDI+outflows-Value+US%24-2018,https://www.fao.org/faostat/en/#data/FDI,,Food and Agriculture Organization,2018,Value US$,million USD,http://linked.aub.edu.lb/CODEC/Lebanon/Dataset/Foreign_Direct_Investment-Lebanon,Total FDI outflows
http://dbpedia.org/resource/Lebanon,,3.447927e+02,http://linked.aub.edu.lb/CODEC/Lebanon/observation/Foreign_Direct_Investment-Lebanon-Total+FDI+outflows-Value+US%24-2019,https://www.fao.org/faostat/en/#data/FDI,,Food and Agriculture Organization,2019,Value US$,million USD,http://linked.aub.edu.lb/CODEC/Lebanon/Dataset/Foreign_Direct_Investment-Lebanon,Total FDI outflows
http://dbpedia.org/resource/Lebanon,,2.891346e+01,http://linked.aub.edu.lb/CODEC/Lebanon/observation/Foreign_Direct_Investment-Lebanon-Total+FDI+outflows-Value+US%24-2020,https://www.fao.org/faostat/en/#data/FDI,,Food and Agriculture Organization,2020,Value US$,million USD,http://linked.aub.edu.lb/CODEC/Lebanon/Dataset/Foreign_Direct_Investment-Lebanon,Total FDI outflows
http://dbpedia.org/resource/Lebanon,,-1.36582e+03,http://linked.aub.edu.lb/CODEC/Lebanon/observation/Foreign_Direct_Investment-Lebanon-Total+FDI+outflows-Value+US%24-2021,https://www.fao.org/faostat/en/#data/FDI,,Food and Agriculture Organization,2021,Value US$,million USD,http://linked.aub.edu.lb/CODEC/Lebanon/Dataset/Foreign_Direct_Investment-Lebanon,Total FDI outflows
http://dbpedia.org/resource/Lebanon,,9.904016e+01,http://linked.aub.edu.lb/CODEC/Lebanon/observation/Foreign_Direct_Investment-Lebanon-Total+FDI+outflows-Value+US%24-2022,https://www.fao.org/faostat/en/#data/FDI,,Food and Agriculture Organization,2022,Value US$,million USD,http://linked.aub.edu.lb/CODEC/Lebanon/Dataset/Foreign_Direct_Investment-Lebanon,Total FDI outflows
